gene,African PAGE,Hispanic and Latin American,Native Hawaiian,European,South Asian,East Asian
CAPRIN1,0.0,1.0,0.0,0.0,0.0,0.0
NAT10,0.0,1.0,0.0,0.0,0.0,0.0
TMEM45B,0.0,1.0,0.0,0.0,0.0,0.0
LOC54944,0.0,1.0,0.0,0.0,0.0,0.0
LOC101929760,0.0,1.0,0.0,0.0,0.0,0.0
PATZ1,0.0,1.0,0.0,0.0,0.0,0.0
ACTG1P4,0.0,0.0,1.0,0.0,0.0,0.0
ADPRHL2,0.0,0.0,1.0,0.0,0.0,0.0
AGO3,0.0,0.0,1.0,0.0,0.0,0.0
AKIRIN1,0.0,0.0,1.0,0.0,0.0,0.0
ALDH4A1,0.0,0.0,1.0,0.0,0.0,0.0
ALG6,0.0,0.0,1.0,0.0,0.0,0.0
AMY2A,0.0,0.0,1.0,0.0,0.0,0.0
AMY2B,0.0,0.0,1.0,0.0,0.0,0.0
ARHGAP29,0.0,0.0,1.0,0.0,0.0,0.0
ARTN,0.0,0.0,1.0,0.0,0.0,0.0
B3GALNT2,0.0,0.0,1.0,0.0,0.0,0.0
B4GALT3,0.0,0.0,1.0,0.0,0.0,0.0
BAI2,0.0,0.0,1.0,0.0,0.0,0.0
BATF3,0.0,0.0,1.0,0.0,0.0,0.0
BMP8B,0.0,0.0,1.0,0.0,0.0,0.0
C1orf27,0.0,0.0,1.0,0.0,0.0,0.0
CACHD1,0.0,0.0,1.0,0.0,0.0,0.0
CCDC185,0.0,0.0,1.0,0.0,0.0,0.0
CD101,0.0,0.0,1.0,0.0,0.0,0.0
CGN,0.0,0.0,1.0,0.0,0.0,0.0
CHIAP2,0.0,0.0,1.0,0.0,0.0,0.0
CNTN2,0.0,0.0,1.0,0.0,0.0,0.0
COL8A2,0.0,0.0,1.0,0.0,0.0,0.0
CTH,0.0,0.0,1.0,0.0,0.0,0.0
DEDD,0.0,0.0,1.0,0.0,0.0,0.0
ECHDC2,0.0,0.0,1.0,0.0,0.0,0.0
EFCAB14,0.0,0.0,1.0,0.0,0.0,0.0
EPB41,0.0,0.0,1.0,0.0,0.0,0.0
EPS8L3,0.0,0.0,1.0,0.0,0.0,0.0
EXO1,0.0,0.0,1.0,0.0,0.0,0.0
EYA3,0.0,0.0,1.0,0.0,0.0,0.0
FBXO6,0.0,0.0,1.0,0.0,0.0,0.0
FBXO44,0.0,0.0,1.0,0.0,0.0,0.0
FGGY,0.0,0.0,1.0,0.0,0.0,0.0
FOXD3,0.0,0.0,1.0,0.0,0.0,0.0
GABRD,0.0,0.0,1.0,0.0,0.0,0.0
GAS5,0.0,0.0,1.0,0.0,0.0,0.0
GAS5-AS1,0.0,0.0,1.0,0.0,0.0,0.0
GJB4,0.0,0.0,1.0,0.0,0.0,0.0
GJB5,0.0,0.0,1.0,0.0,0.0,0.0
GPATCH2,0.0,0.0,1.0,0.0,0.0,0.0
GS1-204I12.1,0.0,0.0,1.0,0.0,0.0,0.0
GSTM3,0.0,0.0,1.0,0.0,0.0,0.0
HHLA3,0.0,0.0,1.0,0.0,0.0,0.0
IFFO2,0.0,0.0,1.0,0.0,0.0,0.0
IGSF3,0.0,0.0,1.0,0.0,0.0,0.0
IPO13,0.0,0.0,1.0,0.0,0.0,0.0
KHDRBS1,0.0,0.0,1.0,0.0,0.0,0.0
KIAA0754,0.0,0.0,1.0,0.0,0.0,0.0
KIAA1751,0.0,0.0,1.0,0.0,0.0,0.0
KLHDC9,0.0,0.0,1.0,0.0,0.0,0.0
KPNA6,0.0,0.0,1.0,0.0,0.0,0.0
KPRP,0.0,0.0,1.0,0.0,0.0,0.0
LCE1B,0.0,0.0,1.0,0.0,0.0,0.0
LCE1C,0.0,0.0,1.0,0.0,0.0,0.0
LCE1F,0.0,0.0,1.0,0.0,0.0,0.0
LINC00272,0.0,0.0,1.0,0.0,0.0,0.0
LINC00466,0.0,0.0,1.0,0.0,0.0,0.0
LINC00862,0.0,0.0,1.0,0.0,0.0,0.0
LOC284661,0.0,0.0,1.0,0.0,0.0,0.0
LOC643441,0.0,0.0,1.0,0.0,0.0,0.0
LOC100129534,0.0,0.0,1.0,0.0,0.0,1.0
LOC100506985,0.0,0.0,1.0,0.0,0.0,0.0
LOC101927164,0.0,0.0,1.0,0.0,0.0,0.0
LOC101928436,0.0,0.0,1.0,0.0,0.0,0.0
LOC101929099,0.0,0.0,1.0,0.0,0.0,0.0
LRRC7,0.0,0.0,1.0,0.0,0.0,0.0
LRRC40,0.0,0.0,1.0,0.0,0.0,0.0
LRRC71,0.0,0.0,1.0,0.0,0.0,0.0
MAD2L2,0.0,0.0,1.0,0.0,0.0,0.0
MAGI3,0.0,0.0,1.0,0.0,0.0,0.0
MIR137HG,0.0,0.0,1.0,0.0,0.0,0.0
MIR320B1,0.0,0.0,1.0,0.0,0.0,0.0
MIR320B2,0.0,0.0,1.0,0.0,0.0,0.0
MIR765,0.0,0.0,1.0,0.0,0.0,0.0
MIR942,0.0,0.0,1.0,0.0,0.0,0.0
MIR3117,0.0,0.0,1.0,0.0,0.0,0.0
MIR4695,0.0,0.0,1.0,0.0,0.0,0.0
MIR6068,0.0,0.0,1.0,0.0,0.0,0.0
MSTO1,0.0,0.0,1.0,0.0,0.0,0.0
MSTO2P,0.0,0.0,1.0,0.0,0.0,0.0
MT1HL1,0.0,0.0,1.0,0.0,0.0,0.0
NBPF10,0.0,0.0,1.0,0.0,0.0,0.0
NBPF12,0.0,0.0,1.0,0.0,0.0,0.0
NBPF20,0.0,0.0,1.0,0.0,0.0,0.0
NBPF25P,0.0,0.0,1.0,0.0,0.0,0.0
NCMAP,0.0,0.0,1.0,0.0,0.0,0.0
NEK7,0.0,0.0,1.0,0.0,0.0,0.0
NGF,0.0,0.0,1.0,0.0,0.0,0.0
NIT1,0.0,0.0,1.0,0.0,0.0,0.0
OR2M2,0.0,0.0,1.0,0.0,0.0,0.0
OR2M3,0.0,0.0,1.0,0.0,0.0,0.0
OR2M5,0.0,0.0,1.0,0.0,0.0,0.0
OR2M7,0.0,0.0,1.0,0.0,0.0,0.0
OR2T4,0.0,0.0,1.0,0.0,0.0,0.0
OR2T6,0.0,0.0,1.0,0.0,0.0,0.0
OR14C36,0.0,0.0,1.0,0.0,0.0,0.0
PEAR1,0.0,0.0,1.0,0.0,0.0,0.0
PFDN2,0.0,0.0,1.0,0.0,0.0,0.0
PM20D1,0.0,0.0,1.0,0.0,0.0,0.0
PPAP2B,0.0,0.0,1.0,0.0,0.0,0.0
PPOX,0.0,0.0,1.0,0.0,0.0,0.0
PRG4,0.0,0.0,1.0,0.0,0.0,0.0
PRKCZ,0.0,0.0,1.0,0.0,0.0,0.0
PROX1,0.0,0.0,1.0,0.0,0.0,0.0
PRSS38,0.0,0.0,1.0,0.0,0.0,0.0
PVRL4,0.0,0.0,1.0,0.0,0.0,0.0
RAB29,0.0,0.0,1.0,0.0,0.0,0.0
RAVER2,0.0,0.0,1.0,0.0,0.0,0.0
RBM34,0.0,0.0,1.0,0.0,0.0,0.0
RCAN3,0.0,0.0,1.0,0.0,0.0,0.0
RFWD2,0.0,0.0,1.0,0.0,0.0,0.0
RHBDL2,0.0,0.0,1.0,0.0,0.0,0.0
RNPC3,0.0,0.0,1.0,0.0,0.0,0.0
SLC41A1,0.0,0.0,1.0,0.0,0.0,0.0
SNORA14B,0.0,0.0,1.0,0.0,0.0,0.0
SNORD44,0.0,0.0,1.0,0.0,0.0,0.0
SNORD47,0.0,0.0,1.0,0.0,0.0,0.0
SNORD74,0.0,0.0,1.0,0.0,0.0,0.0
SNORD75,0.0,0.0,1.0,0.0,0.0,0.0
SNORD76,0.0,0.0,1.0,0.0,0.0,0.0
SNORD77,0.0,0.0,1.0,0.0,0.0,0.0
SNORD78,0.0,0.0,1.0,0.0,0.0,0.0
SNORD79,0.0,0.0,1.0,0.0,0.0,0.0
SNORD80,0.0,0.0,1.0,0.0,0.0,0.0
SNORD81,0.0,0.0,1.0,0.0,0.0,0.0
SRSF11,0.0,0.0,1.0,0.0,0.0,0.0
ST3GAL3,0.0,0.0,1.0,0.0,0.0,0.0
TAS1R2,0.0,0.0,1.0,0.0,0.0,0.0
TBCE,0.0,0.0,1.0,0.0,0.0,0.0
TEKT2,0.0,0.0,1.0,0.0,0.0,0.0
TLR5,0.0,0.0,1.0,0.0,0.0,0.0
TMEM39B,0.0,0.0,1.0,0.0,0.0,0.0
TOMM20,0.0,0.0,1.0,0.0,0.0,0.0
TPR,0.0,0.0,1.0,0.0,0.0,0.0
TRAPPC3,0.0,0.0,1.0,0.0,0.0,0.0
TTF2,0.0,0.0,1.0,0.0,0.0,0.0
UBE4B,0.0,0.0,1.0,0.0,0.0,0.0
UFC1,0.0,0.0,1.0,0.0,0.0,0.0
USP21,0.0,0.0,1.0,0.0,0.0,0.0
USP48,0.0,0.0,1.0,0.0,0.0,0.0
YY1AP1,0.0,0.0,1.0,0.0,0.0,0.0
ZNF281,0.0,0.0,1.0,0.0,0.0,0.0
ACVR1C,0.0,0.0,1.0,0.0,0.0,0.0
ADCY3,0.0,0.0,1.0,0.0,0.0,0.0
ASNSD1,0.0,0.0,1.0,0.0,0.0,0.0
CENPO,0.0,0.0,1.0,0.0,0.0,0.0
KIF5C,0.0,0.0,1.0,0.0,0.0,0.0
MIR663B,0.0,0.0,1.0,0.0,0.0,0.0
PTRHD1,0.0,0.0,1.0,0.0,0.0,0.0
SMPD4,0.0,0.0,1.0,0.0,0.0,0.0
TMEFF2,0.0,0.0,1.0,0.0,0.0,0.0
ADPRH,0.0,0.0,1.0,0.0,0.0,0.0
AGTR1,0.0,0.0,1.0,0.0,0.0,0.0
AMIGO3,0.0,0.0,1.0,0.0,0.0,0.0
BAP1,0.0,0.0,1.0,0.0,0.0,0.0
CNBP,0.0,0.0,1.0,0.0,0.0,0.0
COX17,0.0,0.0,1.0,0.0,0.0,0.0
CPB1,0.0,0.0,1.0,0.0,0.0,0.0
CRYGS,0.0,0.0,1.0,0.0,0.0,0.0
DALRD3,0.0,0.0,1.0,0.0,0.0,0.0
EFCC1,0.0,0.0,1.0,0.0,0.0,0.0
GMPPB,0.0,0.0,1.0,0.0,0.0,0.0
GSK3B,0.0,0.0,1.0,0.0,0.0,0.0
HACL1,0.0,0.0,1.0,0.0,0.0,0.0
ISY1,0.0,0.0,1.0,0.0,0.0,0.0
ISY1-RAB43,0.0,0.0,1.0,0.0,0.0,0.0
LOC344887,0.0,0.0,1.0,0.0,0.0,0.0
MIR191,0.0,0.0,1.0,0.0,0.0,0.0
MIR425,0.0,0.0,1.0,0.0,0.0,0.0
MRPS25,0.0,0.0,1.0,0.0,0.0,0.0
NDUFAF3,0.0,0.0,1.0,0.0,0.0,0.0
NISCH,0.0,0.0,1.0,0.0,0.0,0.0
PHF7,0.0,0.0,1.0,0.0,0.0,0.0
PIK3R4,0.0,0.0,1.0,0.0,0.0,0.0
PLA1A,0.0,0.0,1.0,0.0,0.0,0.0
POPDC2,0.0,0.0,1.0,0.0,0.0,0.0
PRSS42,0.0,0.0,1.0,0.0,0.0,0.0
RAB43,0.0,0.0,1.0,0.0,0.0,0.0
RNF123,0.0,0.0,1.0,0.0,0.0,0.0
SEMA3G,0.0,0.0,1.0,0.0,0.0,0.0
SH3BP5,0.0,0.0,1.0,0.0,0.0,0.0
SH3BP5-AS1,0.0,0.0,1.0,0.0,0.0,0.0
STAB1,0.0,0.0,1.0,0.0,0.0,0.0
TMEM30C,0.0,0.0,1.0,0.0,0.0,0.0
TMEM40,0.0,0.0,1.0,0.0,0.0,0.0
TNNC1,0.0,0.0,1.0,0.0,0.0,0.0
TRA2B,0.0,0.0,1.0,0.0,0.0,0.0
ABLIM2,0.0,0.0,1.0,0.0,0.0,0.0
APELA,0.0,0.0,1.0,0.0,0.0,0.0
ARHGAP10,0.0,0.0,1.0,0.0,0.0,0.0
C4orf51,0.0,0.0,1.0,0.0,0.0,0.0
CHIC2,0.0,0.0,1.0,0.0,0.0,0.0
DRD5,0.0,0.0,1.0,0.0,0.0,0.0
FGFR3,0.0,0.0,1.0,0.0,0.0,0.0
FRG2,0.0,0.0,1.0,0.0,0.0,0.0
GYPB,0.0,0.0,1.0,0.0,0.0,0.0
HELT,0.0,0.0,1.0,0.0,0.0,0.0
IBSP,0.0,0.0,1.0,0.0,0.0,0.0
KLHL5,0.0,0.0,1.0,0.0,0.0,0.0
LINC01093,0.0,0.0,1.0,0.0,0.0,0.0
LOC101927186,0.0,0.0,1.0,0.0,0.0,0.0
METAP1,0.0,0.0,1.0,0.0,0.0,0.0
MIR3684,0.0,0.0,1.0,0.0,0.0,0.0
MIR4799,0.0,0.0,1.0,0.0,0.0,0.0
MMAA,0.0,0.0,1.0,0.0,0.0,0.0
SLBP,0.0,0.0,1.0,0.0,0.0,0.0
SLC2A9,0.0,0.0,1.0,0.0,0.0,0.0
TACC3,0.0,0.0,1.0,0.0,0.0,0.0
TAPT1,0.0,0.0,1.0,0.0,0.0,0.0
TMEM129,0.0,0.0,1.0,0.0,0.0,0.0
TMEM156,0.0,0.0,1.0,0.0,0.0,0.0
UCHL1,0.0,0.0,1.0,0.0,0.0,0.0
UCHL1-AS1,0.0,0.0,1.0,0.0,0.0,0.0
USP17L12,0.0,0.0,1.0,0.0,0.0,0.0
USP17L21,0.0,0.0,1.0,0.0,0.0,0.0
ZFP42,0.0,0.0,1.0,0.0,0.0,0.0
AFAP1L1,0.0,0.0,1.0,0.0,0.0,0.0
AK6,0.0,0.0,1.0,0.0,0.0,0.0
DBN1,0.0,0.0,1.0,0.0,0.0,0.0
FAM114A2,0.0,0.0,1.0,0.0,0.0,0.0
FAM153B,0.0,0.0,1.0,0.0,0.0,0.0
GALNT10,0.0,0.0,1.0,0.0,0.0,0.0
LOC643201,0.0,0.0,1.0,0.0,0.0,0.0
LOC100507387,0.0,0.0,1.0,0.0,0.0,0.0
LOC100996385,0.0,0.0,1.0,0.0,0.0,0.0
LOC101928136,0.0,0.0,1.0,0.0,0.0,0.0
LOC101928154,0.0,0.0,1.0,0.0,0.0,0.0
PRR7,0.0,0.0,1.0,0.0,0.0,0.0
PRR7-AS1,0.0,0.0,1.0,0.0,0.0,0.0
RGS14,0.0,0.0,1.0,0.0,0.0,0.0
SAP30L-AS1,0.0,0.0,1.0,0.0,0.0,0.0
SPRY4,0.0,0.0,1.0,0.0,0.0,0.0
TAF9,0.0,0.0,1.0,0.0,0.0,0.0
ZCCHC9,0.0,0.0,1.0,0.0,0.0,0.0
ZDHHC11,0.0,0.0,1.0,0.0,0.0,0.0
BRPF3,0.0,0.0,1.0,0.0,0.0,0.0
DHX16,0.0,0.0,1.0,0.0,0.0,0.0
NRM,0.0,0.0,1.0,0.0,0.0,0.0
PNPLA1,0.0,0.0,1.0,0.0,0.0,0.0
PPP1R18,0.0,0.0,1.0,0.0,0.0,0.0
SPACA1,0.0,0.0,1.0,0.0,0.0,0.0
TDRG1,0.0,0.0,1.0,0.0,0.0,0.0
FAM185A,0.0,0.0,1.0,0.0,0.0,0.0
FBXL13,0.0,0.0,1.0,0.0,0.0,0.0
NACAD,0.0,0.0,1.0,0.0,0.0,0.0
C8orf44,0.0,0.0,1.0,0.0,0.0,0.0
CA13,0.0,0.0,1.0,0.0,0.0,0.0
CDH17,0.0,0.0,1.0,0.0,0.0,0.0
ERICH1,0.0,0.0,1.0,0.0,0.0,0.0
FAM83H-AS1,0.0,0.0,1.0,0.0,0.0,0.0
GEM,0.0,0.0,1.0,0.0,0.0,0.0
LOC286189,0.0,0.0,1.0,0.0,0.0,0.0
MIR4664,0.0,0.0,1.0,0.0,0.0,0.0
SGK3,0.0,0.0,1.0,0.0,0.0,0.0
VCPIP1,0.0,0.0,1.0,0.0,0.0,0.0
AK8,0.0,0.0,1.0,0.0,0.0,0.0
ANP32B,0.0,0.0,1.0,0.0,0.0,0.0
C9orf9,0.0,0.0,1.0,0.0,0.0,0.0
CELP,0.0,0.0,1.0,0.0,0.0,0.0
COL5A1,0.0,0.0,1.0,0.0,0.0,0.0
CTNNAL1,0.0,0.0,1.0,0.0,0.0,0.0
ELAVL2,0.0,0.0,1.0,0.0,0.0,0.0
FAM69B,0.0,0.0,1.0,0.0,0.0,0.0
FCN2,0.0,0.0,1.0,0.0,0.0,0.0
FNBP1,0.0,0.0,1.0,0.0,0.0,0.0
FRMPD1,0.0,0.0,1.0,0.0,0.0,0.0
FRRS1L,0.0,0.0,1.0,0.0,0.0,0.0
GAPVD1,0.0,0.0,1.0,0.0,0.0,0.0
GBGT1,0.0,0.0,1.0,0.0,0.0,0.0
GNA14,0.0,0.0,1.0,0.0,0.0,0.0
IL33,0.0,0.0,1.0,0.0,0.0,0.0
KLF4,0.0,0.0,1.0,0.0,0.0,0.0
LHX3,0.0,0.0,1.0,0.0,0.0,0.0
LOC101448202,0.0,0.0,1.0,0.0,0.0,0.0
MIR32,0.0,0.0,1.0,0.0,0.0,0.0
MIR491,0.0,0.0,1.0,0.0,0.0,0.0
MIR2278,0.0,0.0,1.0,0.0,0.0,0.0
MIR3689A,0.0,0.0,1.0,0.0,0.0,0.0
MIR3689B,0.0,0.0,1.0,0.0,0.0,0.0
MIR3689C,0.0,0.0,1.0,0.0,0.0,0.0
MIR3689D1,0.0,0.0,1.0,0.0,0.0,0.0
MIR3689D2,0.0,0.0,1.0,0.0,0.0,0.0
MIR3689E,0.0,0.0,1.0,0.0,0.0,0.0
MIR3689F,0.0,0.0,1.0,0.0,0.0,0.0
MIR6855,0.0,0.0,1.0,0.0,0.0,0.0
NANS,0.0,0.0,1.0,0.0,0.0,0.0
PCA3,0.0,0.0,1.0,0.0,0.0,0.0
PRRX2,0.0,0.0,1.0,0.0,0.0,0.0
PRUNE2,0.0,0.0,1.0,0.0,0.0,0.0
PSAT1,0.0,0.0,1.0,0.0,0.0,0.0
PTGES,0.0,0.0,1.0,0.0,0.0,0.0
PTPN3,0.0,0.0,1.0,0.0,0.0,0.0
QSOX2,0.0,0.0,1.0,0.0,0.0,0.0
RALGDS,0.0,0.0,1.0,0.0,0.0,0.0
RLN2,0.0,0.0,1.0,0.0,0.0,0.0
SPATA31C2,0.0,0.0,1.0,0.0,0.0,0.0
SPATA31D5P,0.0,0.0,1.0,0.0,0.0,0.0
TMEM245,0.0,0.0,1.0,0.0,0.0,0.0
TRIM32,0.0,0.0,1.0,0.0,0.0,0.0
TSC1,0.0,0.0,1.0,0.0,0.0,0.0
TUBBP5,0.0,0.0,1.0,0.0,0.0,0.0
USP20,0.0,0.0,1.0,0.0,0.0,0.0
ITGB1,0.0,0.0,1.0,0.0,0.0,0.0
BCDIN3D,0.0,0.0,1.0,0.0,0.0,0.0
BCDIN3D-AS1,0.0,0.0,1.0,0.0,0.0,0.0
NCKAP5L,0.0,0.0,1.0,0.0,0.0,0.0
ZNF26,0.0,0.0,1.0,0.0,0.0,0.0
ZNF84,0.0,0.0,1.0,0.0,0.0,0.0
ABHD17C,0.0,0.0,1.0,0.0,0.0,0.0
B2M,0.0,0.0,1.0,0.0,0.0,0.0
BLM,0.0,0.0,1.0,0.0,0.0,0.0
CRTC3,0.0,0.0,1.0,0.0,0.0,0.0
DUOX2,0.0,0.0,1.0,0.0,0.0,0.0
DUOXA1,0.0,0.0,1.0,0.0,0.0,0.0
DUOXA2,0.0,0.0,1.0,0.0,0.0,0.0
FES,0.0,0.0,1.0,0.0,0.0,0.0
HERC2P10,0.0,0.0,1.0,0.0,0.0,0.0
HOMER2,0.0,0.0,1.0,0.0,0.0,0.0
LOC100288637,0.0,0.0,1.0,0.0,0.0,0.0
LOC101926895,0.0,0.0,1.0,0.0,0.0,0.0
LOC101929765,0.0,0.0,1.0,0.0,0.0,0.0
MAGEL2,0.0,0.0,1.0,0.0,0.0,0.0
MAN2A2,0.0,0.0,1.0,0.0,0.0,0.0
MIR4311,0.0,0.0,1.0,0.0,0.0,0.0
PATL2,0.0,0.0,1.0,0.0,0.0,0.0
REC114,0.0,0.0,1.0,0.0,0.0,0.0
SEMA4B,0.0,0.0,1.0,0.0,0.0,0.0
SORD,0.0,0.0,1.0,0.0,0.0,0.0
TCF12,0.0,0.0,1.0,0.0,0.0,0.0
UNC45A,0.0,0.0,1.0,0.0,0.0,0.0
AFG3L1P,0.0,0.0,1.0,0.0,0.0,0.0
C16orf3,0.0,0.0,1.0,0.0,0.0,0.0
C16orf72,0.0,0.0,1.0,0.0,0.0,0.0
C16orf93,0.0,0.0,1.0,0.0,0.0,0.0
CCDC102A,0.0,0.0,1.0,0.0,0.0,0.0
CRISPLD2,0.0,0.0,1.0,0.0,0.0,0.0
DBNDD1,0.0,0.0,1.0,0.0,0.0,0.0
DCTN5,0.0,0.0,1.0,0.0,0.0,0.0
DDX11L10,0.0,0.0,1.0,0.0,0.0,0.0
DOK4,0.0,0.0,1.0,0.0,0.0,0.0
FLYWCH2,0.0,0.0,1.0,0.0,0.0,0.0
GAS8,0.0,0.0,1.0,0.0,0.0,0.0
GPR114,0.0,0.0,1.0,0.0,0.0,0.0
HBA1,0.0,0.0,1.0,0.0,0.0,0.0
HBA2,0.0,0.0,1.0,0.0,0.0,0.0
HBM,0.0,0.0,1.0,0.0,0.0,0.0
HBQ1,0.0,0.0,1.0,0.0,0.0,0.0
HBZ,0.0,0.0,1.0,0.0,0.0,0.0
HYDIN,0.0,0.0,1.0,0.0,0.0,0.0
LINC01082,0.0,0.0,1.0,0.0,0.0,0.0
LOC100862671,0.0,0.0,1.0,0.0,0.0,0.0
LOC101927364,0.0,0.0,1.0,0.0,0.0,0.0
MIR3182,0.0,0.0,1.0,0.0,0.0,0.0
MIR4720,0.0,0.0,1.0,1.0,0.0,0.0
MIR5189,0.0,0.0,1.0,0.0,0.0,0.0
MPG,0.0,0.0,1.0,0.0,0.0,0.0
NOMO3,0.0,0.0,1.0,0.0,0.0,0.0
NPRL3,0.0,0.0,1.0,0.0,0.0,0.0
PALB2,0.0,0.0,1.0,0.0,0.0,0.0
PHKG2,0.0,0.0,1.0,0.0,0.0,0.0
PLK1,0.0,0.0,1.0,0.0,0.0,0.0
RNF40,0.0,0.0,1.0,0.0,0.0,0.0
SNN,0.0,0.0,1.0,0.0,0.0,0.0
SOX8,0.0,0.0,1.0,0.0,0.0,0.0
SRCAP,0.0,0.0,1.0,0.0,0.0,0.0
SULT1A2,0.0,0.0,1.0,0.0,0.0,0.0
TMEM170A,0.0,0.0,1.0,0.0,0.0,0.0
TXNDC11,0.0,0.0,1.0,0.0,0.0,0.0
URAHP,0.0,0.0,1.0,0.0,0.0,0.0
VAC14,0.0,0.0,1.0,0.0,0.0,0.0
WWP2,0.0,0.0,1.0,0.0,0.0,0.0
ZNF629,0.0,0.0,1.0,0.0,0.0,0.0
AARSD1,0.0,0.0,1.0,0.0,0.0,0.0
AOC4P,0.0,0.0,1.0,0.0,0.0,0.0
C17orf78,0.0,0.0,1.0,0.0,0.0,0.0
COG1,0.0,0.0,1.0,0.0,0.0,0.0
ERBB2,0.0,0.0,1.0,0.0,0.0,0.0
FAM104A,0.0,0.0,1.0,0.0,0.0,0.0
GRB7,0.0,0.0,1.0,0.0,0.0,0.0
LINC00511,0.0,0.0,1.0,0.0,0.0,0.0
LINC00674,0.0,0.0,1.0,0.0,0.0,0.0
MIEN1,0.0,0.0,1.0,0.0,0.0,0.0
MIR4728,0.0,0.0,1.0,0.0,0.0,0.0
NDEL1,0.0,0.0,1.0,0.0,0.0,0.0
PTGES3L-AARSD1,0.0,0.0,1.0,0.0,0.0,0.0
SNORD49A,0.0,0.0,1.0,0.0,0.0,0.0
SNORD49B,0.0,0.0,1.0,0.0,0.0,0.0
SNORD65,0.0,0.0,1.0,0.0,0.0,0.0
TRPV2,0.0,0.0,1.0,0.0,0.0,0.0
ZNF18,0.0,0.0,1.0,0.0,0.0,0.0
LOC400644,0.0,0.0,1.0,0.0,0.0,0.0
LOC100131655,0.0,0.0,1.0,0.0,0.0,0.0
LOC101927642,0.0,0.0,1.0,0.0,0.0,0.0
MIR1-2,0.0,0.0,1.0,0.0,0.0,0.0
MIR133A1,0.0,0.0,1.0,0.0,0.0,0.0
MIR133A1HG,0.0,0.0,1.0,0.0,0.0,0.0
CD177,0.0,0.0,1.0,0.0,0.0,0.0
DACT3,0.0,0.0,1.0,0.0,0.0,0.0
DACT3-AS1,0.0,0.0,1.0,0.0,0.0,0.0
FKRP,0.0,0.0,1.0,0.0,0.0,0.0
KLK11,0.0,0.0,1.0,0.0,0.0,0.0
KLK12,0.0,0.0,1.0,0.0,0.0,0.0
MIR320E,0.0,0.0,1.0,0.0,0.0,0.0
PRG1,0.0,0.0,1.0,0.0,0.0,0.0
PRKD2,0.0,0.0,1.0,0.0,0.0,0.0
PSG9,0.0,0.0,1.0,0.0,0.0,0.0
STRN4,0.0,0.0,1.0,0.0,0.0,0.0
TEX101,0.0,0.0,1.0,0.0,0.0,0.0
ZNF542P,0.0,0.0,1.0,0.0,0.0,0.0
ZNF582,0.0,0.0,1.0,0.0,0.0,0.0
ZNF582-AS1,0.0,0.0,1.0,0.0,0.0,0.0
ZNF583,0.0,0.0,1.0,0.0,0.0,0.0
ACSS2,0.0,0.0,1.0,0.0,0.0,0.0
ADIG,0.0,0.0,1.0,0.0,0.0,0.0
EDEM2,0.0,0.0,1.0,0.0,0.0,0.0
GSS,0.0,0.0,1.0,0.0,0.0,0.0
MIR499A,0.0,0.0,1.0,0.0,0.0,0.0
MIR499B,0.0,0.0,1.0,0.0,0.0,0.0
MMP24,0.0,0.0,1.0,0.0,0.0,0.0
PCIF1,0.0,0.0,1.0,1.0,0.0,0.0
PROCR,0.0,0.0,1.0,0.0,0.0,0.0
A4GALT,0.0,0.0,1.0,0.0,0.0,0.0
ADORA2A,0.0,0.0,1.0,0.0,0.0,0.0
ADORA2A-AS1,0.0,0.0,1.0,0.0,0.0,0.0
APOL1,0.0,0.0,1.0,0.0,0.0,0.0
APOL2,0.0,0.0,1.0,0.0,0.0,0.0
ASPHD2,0.0,0.0,1.0,0.0,0.0,0.0
ATP5L2,0.0,0.0,1.0,0.0,0.0,0.0
BCRP2,0.0,0.0,1.0,0.0,0.0,0.0
CYB5R3,0.0,0.0,1.0,0.0,0.0,0.0
ELFN2,0.0,0.0,1.0,0.0,0.0,0.0
GP1BB,0.0,0.0,1.0,0.0,1.0,0.0
LOC400891,0.0,0.0,1.0,0.0,0.0,0.0
MIR3619,0.0,0.0,1.0,0.0,0.0,0.0
MIR4763,0.0,0.0,1.0,0.0,0.0,0.0
MIR6819,0.0,0.0,1.0,0.0,0.0,0.0
MIRLET7A3,0.0,0.0,1.0,0.0,0.0,0.0
MIRLET7B,0.0,0.0,1.0,0.0,0.0,0.0
MIRLET7BHG,0.0,0.0,1.0,0.0,0.0,0.0
MYH9,0.0,0.0,1.0,0.0,0.0,0.0
P2RX6P,0.0,0.0,1.0,0.0,0.0,0.0
SEPT5,0.0,0.0,1.0,0.0,0.0,0.0
SEPT5-GP1BB,0.0,0.0,1.0,0.0,0.0,0.0
SLC7A4,0.0,0.0,1.0,0.0,1.0,0.0
SLC25A18,0.0,0.0,1.0,0.0,0.0,0.0
ANGPTL3,0.0,0.0,0.0,1.0,0.0,0.0
ATG4C,0.0,0.0,0.0,1.0,0.0,0.0
DOCK7,0.0,0.0,0.0,1.0,0.0,0.0
FAM46B,0.0,0.0,0.0,1.0,0.0,0.0
KDF1,0.0,0.0,0.0,1.0,0.0,0.0
NR0B2,0.0,0.0,0.0,1.0,0.0,0.0
NUDC,0.0,0.0,0.0,1.0,0.0,0.0
TRNP1,0.0,0.0,0.0,1.0,0.0,0.0
USP1,0.0,0.0,0.0,1.0,0.0,0.0
ABHD1,0.0,0.0,0.0,1.0,0.0,0.0
AGBL5,0.0,0.0,0.0,1.0,0.0,0.0
APOB,0.0,0.0,0.0,1.0,0.0,1.0
ATRAID,0.0,0.0,0.0,1.0,0.0,0.0
CAD,0.0,0.0,0.0,1.0,0.0,0.0
CGREF1,0.0,0.0,0.0,1.0,0.0,0.0
DNAJC5G,0.0,0.0,0.0,1.0,0.0,0.0
EIF2B4,0.0,0.0,0.0,1.0,0.0,0.0
EMILIN1,0.0,0.0,0.0,1.0,0.0,0.0
FTH1P3,0.0,0.0,0.0,1.0,0.0,0.0
GCKR,0.0,0.0,0.0,1.0,0.0,0.0
GTF3C2,0.0,0.0,0.0,1.0,0.0,0.0
GTF3C2-AS1,0.0,0.0,0.0,1.0,0.0,0.0
KHK,0.0,0.0,0.0,1.0,0.0,0.0
KRTCAP3,0.0,0.0,0.0,1.0,0.0,0.0
MPV17,0.0,0.0,0.0,1.0,0.0,0.0
MRPL33,0.0,0.0,0.0,1.0,0.0,0.0
NRBP1,0.0,0.0,0.0,1.0,0.0,0.0
OST4,0.0,0.0,0.0,1.0,0.0,0.0
PPM1G,0.0,0.0,0.0,1.0,0.0,0.0
PREB,0.0,0.0,0.0,1.0,0.0,0.0
PRR30,0.0,0.0,0.0,1.0,0.0,0.0
RBKS,0.0,0.0,0.0,1.0,0.0,0.0
SLC5A6,0.0,0.0,0.0,1.0,0.0,0.0
SLC30A3,0.0,0.0,0.0,1.0,0.0,0.0
SNX17,0.0,0.0,0.0,1.0,0.0,0.0
TCF23,0.0,0.0,0.0,1.0,0.0,0.0
TRIM54,0.0,0.0,0.0,1.0,0.0,0.0
UCN,0.0,0.0,0.0,1.0,0.0,0.0
ZNF513,0.0,0.0,0.0,1.0,0.0,0.0
BAZ1B,0.0,0.0,0.0,1.0,0.0,0.0
BCL7B,0.0,0.0,0.0,1.0,0.0,0.0
NSUN5,0.0,0.0,0.0,1.0,0.0,0.0
TBL2,0.0,0.0,0.0,1.0,0.0,0.0
TRIM50,0.0,0.0,0.0,1.0,0.0,0.0
LPL,0.0,0.0,0.0,1.0,0.0,0.0
TRIB1,0.0,0.0,0.0,1.0,0.0,0.0
APOA1,0.0,0.0,0.0,1.0,0.0,0.0
APOA4,0.0,0.0,0.0,1.0,0.0,0.0
APOA5,0.0,0.0,0.0,1.0,1.0,0.0
APOC3,0.0,0.0,0.0,1.0,0.0,0.0
BACE1,0.0,0.0,0.0,1.0,0.0,0.0
BACE1-AS,0.0,0.0,0.0,1.0,0.0,0.0
BUD13,0.0,0.0,0.0,1.0,0.0,0.0
CEP164,0.0,0.0,0.0,1.0,0.0,0.0
LOC100652768,0.0,0.0,0.0,1.0,0.0,0.0
PAFAH1B2,0.0,0.0,0.0,1.0,0.0,0.0
PCSK7,0.0,0.0,0.0,1.0,0.0,0.0
RNF214,0.0,0.0,0.0,1.0,0.0,0.0
SIDT2,0.0,0.0,0.0,1.0,0.0,0.0
SIK3,0.0,0.0,0.0,1.0,0.0,1.0
TAGLN,0.0,0.0,0.0,1.0,0.0,0.0
ZPR1,0.0,0.0,0.0,1.0,1.0,0.0
ALG11,0.0,0.0,0.0,1.0,0.0,0.0
ATP4B,0.0,0.0,0.0,1.0,0.0,0.0
DACH1,0.0,0.0,0.0,1.0,0.0,0.0
DAOA,0.0,0.0,0.0,1.0,0.0,1.0
DAOA-AS1,0.0,0.0,0.0,1.0,0.0,1.0
DLEU1,0.0,0.0,0.0,1.0,0.0,0.0
DLEU2,0.0,0.0,0.0,1.0,0.0,0.0
FAM155A,0.0,0.0,0.0,1.0,0.0,0.0
FOXO1,0.0,0.0,0.0,1.0,0.0,0.0
GJA3,0.0,0.0,0.0,1.0,0.0,0.0
GJB2,0.0,0.0,0.0,1.0,0.0,0.0
GJB6,0.0,0.0,0.0,1.0,0.0,0.0
GPR183,0.0,0.0,0.0,1.0,0.0,0.0
GRK1,0.0,0.0,0.0,1.0,0.0,0.0
INTS6-AS1,0.0,0.0,0.0,1.0,0.0,0.0
IPO5,0.0,0.0,0.0,1.0,0.0,0.0
KCTD4,0.0,0.0,0.0,1.0,0.0,0.0
LINC00379,0.0,0.0,0.0,1.0,0.0,0.0
LINC00380,0.0,0.0,0.0,1.0,0.0,0.0
LINC00598,0.0,0.0,0.0,1.0,0.0,0.0
LOC101927248,0.0,0.0,0.0,1.0,0.0,0.0
MTUS2,0.0,0.0,0.0,1.0,0.0,0.0
MTUS2-AS1,0.0,0.0,0.0,1.0,0.0,0.0
NEK5,0.0,0.0,0.0,1.0,0.0,0.0
NUDT15,0.0,0.0,0.0,1.0,0.0,0.0
NUPL1,0.0,0.0,0.0,1.0,0.0,0.0
OR7E37P,0.0,0.0,0.0,1.0,0.0,0.0
RAP2A,0.0,0.0,0.0,1.0,0.0,0.0
RGCC,0.0,0.0,0.0,1.0,0.0,0.0
SERP2,0.0,0.0,0.0,1.0,0.0,0.0
SLC7A1,0.0,0.0,0.0,1.0,0.0,0.0
SLC46A3,0.0,0.0,0.0,1.0,0.0,0.0
SLITRK1,0.0,0.0,0.0,1.0,0.0,0.0
ST13P4,0.0,0.0,0.0,1.0,0.0,0.0
STARD13-AS,0.0,0.0,0.0,1.0,0.0,0.0
TFDP1,0.0,0.0,0.0,1.0,0.0,0.0
TSC22D1,0.0,0.0,0.0,1.0,0.0,0.0
TUBA3C,0.0,0.0,0.0,1.0,0.0,0.0
TUSC8,0.0,0.0,0.0,1.0,0.0,0.0
UPF3A,0.0,0.0,0.0,1.0,0.0,0.0
UTP14C,0.0,0.0,0.0,1.0,0.0,0.0
WDFY2,0.0,0.0,0.0,1.0,0.0,0.0
ADAL,0.0,0.0,0.0,1.0,0.0,0.0
RNU6-28P,0.0,0.0,0.0,1.0,0.0,0.0
TP53BP1,0.0,0.0,0.0,1.0,0.0,0.0
TUBGCP4,0.0,0.0,0.0,1.0,0.0,0.0
ZSCAN29,0.0,0.0,0.0,1.0,0.0,0.0
ABCA17P,0.0,0.0,0.0,1.0,0.0,0.0
ACSM5,0.0,0.0,0.0,1.0,0.0,0.0
ATP2A1,0.0,0.0,0.0,1.0,0.0,0.0
ATXN2L,0.0,0.0,0.0,1.0,0.0,0.0
C16orf59,0.0,0.0,0.0,1.0,0.0,0.0
C16orf96,0.0,0.0,0.0,1.0,0.0,0.0
CACNA1H,0.0,0.0,0.0,1.0,0.0,1.0
CCNF,0.0,0.0,0.0,1.0,0.0,0.0
CDIP1,0.0,0.0,0.0,1.0,0.0,0.0
CHST5,0.0,0.0,0.0,1.0,0.0,0.0
CLEC18B,0.0,0.0,0.0,1.0,0.0,0.0
CMTM3,0.0,0.0,0.0,1.0,0.0,0.0
CORO7,0.0,0.0,0.0,1.0,0.0,0.0
CTRB1,0.0,0.0,0.0,1.0,0.0,0.0
CTRB2,0.0,0.0,0.0,1.0,0.0,0.0
FHOD1,0.0,0.0,0.0,1.0,0.0,0.0
GAN,0.0,0.0,0.0,1.0,0.0,0.0
GDPD3,0.0,0.0,0.0,1.0,0.0,0.0
GGA2,0.0,0.0,0.0,1.0,0.0,0.0
HMOX2,0.0,0.0,0.0,1.0,0.0,0.0
LINC00919,0.0,0.0,0.0,1.0,0.0,0.0
LITAF,0.0,0.0,0.0,1.0,0.0,0.0
LMF1,0.0,0.0,0.0,1.0,0.0,0.0
LMF1-AS1,0.0,0.0,0.0,1.0,0.0,0.0
LOC100289092,0.0,0.0,0.0,1.0,0.0,0.0
LOC100506281,0.0,0.0,0.0,1.0,0.0,0.0
LOC101926950,0.0,0.0,0.0,1.0,0.0,0.0
LOC102467079,0.0,0.0,0.0,1.0,0.0,0.0
MAPK3,0.0,0.0,0.0,1.0,0.0,0.0
MIR484,0.0,0.0,0.0,1.0,0.0,0.0
MIR3180-5,0.0,0.0,0.0,1.0,0.0,0.0
MIR4721,0.0,0.0,0.0,1.0,0.0,0.0
MIR6767,0.0,0.0,0.0,1.0,0.0,0.0
MIR6768,0.0,0.0,0.0,1.0,0.0,0.0
MPV17L,0.0,0.0,0.0,1.0,0.0,0.0
NMRAL1,0.0,0.0,0.0,1.0,0.0,0.0
NPIPA2,0.0,0.0,0.0,1.0,0.0,0.0
NPIPA3,0.0,0.0,0.0,1.0,0.0,0.0
NPIPA5,0.0,0.0,0.0,1.0,0.0,0.0
NTN3,0.0,0.0,0.0,1.0,0.0,0.0
PDF,0.0,0.0,0.0,1.0,0.0,0.0
PDILT,0.0,0.0,0.0,1.0,0.0,0.0
PLA2G10,0.0,0.0,0.0,1.0,0.0,0.0
PRSS8,0.0,0.0,0.0,1.0,0.0,0.0
PRSS27,0.0,0.0,0.0,1.0,0.0,0.0
PRSS33,0.0,0.0,0.0,1.0,0.0,0.0
PRSS36,0.0,0.0,0.0,1.0,0.0,0.0
PRSS41,0.0,0.0,0.0,1.0,0.0,0.0
SH2B1,0.0,0.0,0.0,1.0,0.0,0.0
SHISA9,0.0,0.0,0.0,1.0,0.0,0.0
SNX29P1,0.0,0.0,0.0,1.0,0.0,0.0
SRRM2,0.0,0.0,0.0,1.0,0.0,0.0
SRRM2-AS1,0.0,0.0,0.0,1.0,0.0,0.0
TBC1D24,0.0,0.0,0.0,1.0,0.0,0.0
TCEB2,0.0,0.0,0.0,1.0,0.0,0.0
TERF2,0.0,0.0,0.0,1.0,0.0,0.0
TMEM208,0.0,0.0,0.0,1.0,0.0,0.0
TMEM231,0.0,0.0,0.0,1.0,0.0,0.0
TUFM,0.0,0.0,0.0,1.0,0.0,0.0
ZFP1,0.0,0.0,0.0,1.0,0.0,0.0
ZNF668,0.0,0.0,0.0,1.0,0.0,0.0
FAM215A,0.0,0.0,0.0,1.0,0.0,0.0
MPP2,0.0,0.0,0.0,1.0,0.0,0.0
PPY,0.0,0.0,0.0,1.0,0.0,0.0
PYY,0.0,0.0,0.0,1.0,0.0,0.0
ANGPTL4,0.0,0.0,0.0,1.0,0.0,0.0
APOC1,0.0,0.0,0.0,1.0,0.0,0.0
APOC1P1,0.0,0.0,0.0,1.0,0.0,0.0
APOC2,0.0,0.0,0.0,1.0,0.0,0.0
APOC4,0.0,0.0,0.0,1.0,0.0,0.0
APOC4-APOC2,0.0,0.0,0.0,1.0,0.0,0.0
APOE,0.0,0.0,0.0,1.0,0.0,0.0
CLPTM1,0.0,0.0,0.0,1.0,0.0,0.0
KANK3,0.0,0.0,0.0,1.0,0.0,0.0
MARCH2,0.0,0.0,0.0,1.0,0.0,0.0
MIR4999,0.0,0.0,0.0,1.0,0.0,0.0
NDUFA7,0.0,0.0,0.0,1.0,0.0,0.0
PVRL2,0.0,0.0,0.0,1.0,0.0,0.0
RAB11B,0.0,0.0,0.0,1.0,0.0,0.0
RAB11B-AS1,0.0,0.0,0.0,1.0,0.0,0.0
RPS28,0.0,0.0,0.0,1.0,0.0,0.0
TOMM40,0.0,0.0,0.0,1.0,0.0,0.0
CTSA,0.0,0.0,0.0,1.0,0.0,0.0
NEURL2,0.0,0.0,0.0,1.0,0.0,0.0
PLTP,0.0,0.0,0.0,1.0,0.0,0.0
SPATA25,0.0,0.0,0.0,1.0,0.0,0.0
ZSWIM1,0.0,0.0,0.0,1.0,0.0,0.0
ZSWIM3,0.0,0.0,0.0,1.0,0.0,0.0
C21orf119,0.0,0.0,0.0,1.0,0.0,0.0
CBS,0.0,0.0,0.0,1.0,0.0,0.0
COL18A1-AS1,0.0,0.0,0.0,1.0,0.0,0.0
ETS2,0.0,0.0,0.0,1.0,0.0,0.0
FAM3B,0.0,0.0,0.0,1.0,0.0,0.0
HMGN1,0.0,0.0,0.0,1.0,0.0,0.0
KRTAP13-1,0.0,0.0,0.0,1.0,0.0,0.0
KRTAP13-3,0.0,0.0,0.0,1.0,0.0,0.0
KRTAP13-4,0.0,0.0,0.0,1.0,0.0,0.0
KRTAP15-1,0.0,0.0,0.0,1.0,0.0,0.0
KRTAP19-1,0.0,0.0,0.0,1.0,0.0,0.0
KRTAP19-2,0.0,0.0,0.0,1.0,0.0,0.0
KRTAP19-3,0.0,0.0,0.0,1.0,0.0,0.0
KRTAP19-4,0.0,0.0,0.0,1.0,0.0,0.0
KRTAP19-5,0.0,0.0,0.0,1.0,0.0,0.0
LINC00114,0.0,0.0,0.0,1.0,0.0,0.0
LINC00161,0.0,0.0,0.0,1.0,0.0,0.0
LINC00162,0.0,0.0,0.0,1.0,0.0,0.0
LINC00163,0.0,0.0,0.0,1.0,0.0,0.0
LINC00313,0.0,0.0,0.0,1.0,0.0,0.0
MRAP,0.0,0.0,0.0,1.0,0.0,0.0
MX2,0.0,0.0,0.0,1.0,0.0,0.0
RRP1,0.0,0.0,0.0,1.0,0.0,0.0
SNORA80A,0.0,0.0,0.0,1.0,0.0,0.0
URB1,0.0,0.0,0.0,1.0,0.0,0.0
APOL6,0.0,0.0,0.0,1.0,0.0,0.0
ASCC2,0.0,0.0,0.0,1.0,0.0,0.0
C22orf39,0.0,0.0,0.0,1.0,0.0,0.0
CABP7,0.0,0.0,0.0,1.0,0.0,0.0
CACNG2,0.0,0.0,0.0,1.0,1.0,0.0
CCDC116,0.0,0.0,0.0,1.0,0.0,0.0
CELSR1,0.0,0.0,0.0,1.0,1.0,0.0
CSNK1E,0.0,0.0,0.0,1.0,0.0,0.0
DGCR2,0.0,0.0,0.0,1.0,0.0,0.0
DGCR8,0.0,0.0,0.0,1.0,0.0,0.0
DGCR14,0.0,0.0,0.0,1.0,0.0,0.0
ENTHD1,0.0,0.0,0.0,1.0,0.0,0.0
FAM118A,0.0,0.0,0.0,1.0,0.0,0.0
GRAP2,0.0,0.0,0.0,1.0,0.0,0.0
GSC2,0.0,0.0,0.0,1.0,0.0,0.0
GTSE1,0.0,0.0,0.0,1.0,0.0,0.0
GTSE1-AS1,0.0,0.0,0.0,1.0,0.0,0.0
HMGXB4,0.0,0.0,0.0,1.0,0.0,0.0
HMOX1,0.0,0.0,0.0,1.0,0.0,0.0
LOC388849,0.0,0.0,0.0,1.0,0.0,0.0
LOC400927,0.0,0.0,0.0,1.0,0.0,0.0
MAFF,0.0,0.0,0.0,1.0,0.0,0.0
MIR130B,0.0,0.0,0.0,1.0,0.0,0.0
MIR301B,0.0,0.0,0.0,1.0,0.0,0.0
MIR1306,0.0,0.0,0.0,1.0,0.0,0.0
MIR3618,0.0,0.0,0.0,1.0,0.0,0.0
MIR6816,0.0,0.0,0.0,1.0,0.0,0.0
MIR6820,0.0,0.0,0.0,1.0,1.0,0.0
MRPL40,0.0,0.0,0.0,1.0,0.0,0.0
PICK1,0.0,0.0,0.0,1.0,0.0,0.0
PLA2G6,0.0,0.0,0.0,1.0,0.0,0.0
PNPLA3,0.0,0.0,0.0,1.0,0.0,0.0
POLR2F,0.0,0.0,0.0,1.0,1.0,0.0
PPIL2,0.0,0.0,0.0,1.0,0.0,0.0
PRAME,0.0,0.0,0.0,1.0,0.0,0.0
RANBP1,0.0,0.0,0.0,1.0,0.0,0.0
RIBC2,0.0,0.0,0.0,1.0,0.0,0.0
RIMBP3B,0.0,0.0,0.0,1.0,0.0,0.0
RIMBP3C,0.0,0.0,0.0,1.0,0.0,0.0
SDF2L1,0.0,0.0,0.0,1.0,0.0,0.0
SERHL2,0.0,0.0,0.0,1.0,0.0,0.0
SMC1B,0.0,0.0,0.0,1.0,0.0,0.0
SOX10,0.0,0.0,0.0,1.0,1.0,0.0
SUN2,0.0,0.0,0.0,1.0,0.0,0.0
TMEM184B,0.0,0.0,0.0,1.0,0.0,0.0
TOP1P2,0.0,0.0,0.0,1.0,0.0,0.0
TRMT2A,0.0,0.0,0.0,1.0,0.0,0.0
TRMU,0.0,0.0,0.0,1.0,0.0,0.0
TSSK2,0.0,0.0,0.0,1.0,0.0,0.0
TTC38,0.0,0.0,0.0,1.0,0.0,0.0
TUG1,0.0,0.0,0.0,1.0,0.0,0.0
UBE2L3,0.0,0.0,0.0,1.0,0.0,0.0
UPK3A,0.0,0.0,0.0,1.0,0.0,0.0
UQCR10,0.0,0.0,0.0,1.0,0.0,0.0
USP18,0.0,0.0,0.0,1.0,0.0,0.0
YDJC,0.0,0.0,0.0,1.0,0.0,0.0
ZBED4,0.0,0.0,0.0,1.0,0.0,0.0
ZDHHC8,0.0,0.0,0.0,1.0,0.0,0.0
ZMAT5,0.0,0.0,0.0,1.0,0.0,0.0
ZNF280A,0.0,0.0,0.0,1.0,0.0,0.0
ZNF280B,0.0,0.0,0.0,1.0,0.0,0.0
IZUMO3,0.0,0.0,0.0,0.0,1.0,0.0
ANGPTL6,0.0,0.0,0.0,0.0,1.0,0.0
ARMC6,0.0,0.0,0.0,0.0,1.0,0.0
BEST2,0.0,0.0,0.0,0.0,1.0,0.0
C19orf66,0.0,0.0,0.0,0.0,1.0,0.0
C19orf67,0.0,0.0,0.0,0.0,1.0,0.0
CGB,0.0,0.0,0.0,0.0,1.0,0.0
CGB1,0.0,0.0,0.0,0.0,1.0,0.0
CGB2,0.0,0.0,0.0,0.0,1.0,0.0
CGB5,0.0,0.0,0.0,0.0,1.0,0.0
CTXN1,0.0,0.0,0.0,0.0,1.0,0.0
EIF3G,0.0,0.0,0.0,0.0,1.0,0.0
FCGRT,0.0,0.0,0.0,0.0,1.0,0.0
GTF2F1,0.0,0.0,0.0,0.0,1.0,0.0
IL27RA,0.0,0.0,0.0,0.0,1.0,0.0
KIAA0355,0.0,0.0,0.0,0.0,1.0,0.0
KLK7,0.0,0.0,0.0,0.0,1.0,0.0
KLK8,0.0,0.0,0.0,0.0,1.0,0.0
KPTN,0.0,0.0,0.0,0.0,1.0,0.0
LHB,0.0,0.0,0.0,0.0,1.0,0.0
LOC113230,0.0,0.0,0.0,0.0,1.0,0.0
LOC100379224,0.0,0.0,0.0,0.0,1.0,0.0
LOC101059948,0.0,0.0,0.0,0.0,1.0,0.0
MAN2B1,0.0,0.0,0.0,0.0,1.0,0.0
MAU2,0.0,0.0,0.0,0.0,1.0,0.0
MEIS3,0.0,0.0,0.0,0.0,1.0,0.0
MIR1199,0.0,0.0,0.0,0.0,1.0,0.0
MIR6790,0.0,0.0,0.0,0.0,1.0,0.0
MIR6794,0.0,0.0,0.0,0.0,1.0,0.0
MIR6885,0.0,0.0,0.0,0.0,1.0,0.0
MIR8074,0.0,0.0,0.0,0.0,1.0,0.0
NAPA-AS1,0.0,0.0,0.0,0.0,1.0,0.0
NLRP4,0.0,0.0,0.0,0.0,1.0,0.0
P2RY11,0.0,0.0,0.0,0.0,1.0,0.0
PALM3,0.0,0.0,0.0,0.0,1.0,0.0
PIP5K1C,0.0,0.0,0.0,0.0,1.0,0.0
PRKACA,0.0,0.0,0.0,0.0,1.0,0.0
RCN3,0.0,0.0,0.0,0.0,1.0,0.0
RFX1,0.0,0.0,0.0,0.0,1.0,0.0
RLN3,0.0,0.0,0.0,0.0,1.0,0.0
SAMD1,0.0,0.0,0.0,0.0,1.0,0.0
SLC8A2,0.0,0.0,0.0,0.0,1.0,0.0
SNAPC2,0.0,0.0,0.0,0.0,1.0,0.0
SNAR-G1,0.0,0.0,0.0,0.0,1.0,0.0
SNAR-G2,0.0,0.0,0.0,0.0,1.0,0.0
SNORD105,0.0,0.0,0.0,0.0,1.0,0.0
SNORD105B,0.0,0.0,0.0,0.0,1.0,0.0
SUGP1,0.0,0.0,0.0,0.0,1.0,0.0
TGFBR3L,0.0,0.0,0.0,0.0,1.0,0.0
TIMM44,0.0,0.0,0.0,0.0,1.0,0.0
TJP3,0.0,0.0,0.0,0.0,1.0,0.0
ZNF224,0.0,0.0,0.0,0.0,1.0,0.0
ZNF225,0.0,0.0,0.0,0.0,1.0,0.0
C22orf15,0.0,0.0,0.0,0.0,1.0,0.0
CHCHD10,0.0,0.0,0.0,0.0,1.0,0.0
CYP2D6,0.0,0.0,0.0,0.0,1.0,0.0
DMC1,0.0,0.0,0.0,0.0,1.0,0.0
FAM109B,0.0,0.0,0.0,0.0,1.0,0.0
LOC339666,0.0,0.0,0.0,0.0,1.0,0.0
LOC101929829,0.0,0.0,0.0,0.0,1.0,0.0
MMP11,0.0,0.0,0.0,0.0,1.0,0.0
NAGA,0.0,0.0,0.0,0.0,1.0,0.0
NDUFA6,0.0,0.0,0.0,0.0,1.0,0.0
NDUFA6-AS1,0.0,0.0,0.0,0.0,1.0,0.0
P2RX6,0.0,0.0,0.0,0.0,1.0,0.0
RFPL3,0.0,0.0,0.0,0.0,1.0,0.0
RFPL3S,0.0,0.0,0.0,0.0,1.0,0.0
RTCB,0.0,0.0,0.0,0.0,1.0,0.0
SMDT1,0.0,0.0,0.0,0.0,1.0,0.0
TEF,0.0,0.0,0.0,0.0,1.0,0.0
VPREB3,0.0,0.0,0.0,0.0,1.0,0.0
ZNF70,0.0,0.0,0.0,0.0,1.0,0.0
APH1A,0.0,0.0,0.0,0.0,0.0,1.0
C1orf54,0.0,0.0,0.0,0.0,0.0,1.0
CA14,0.0,0.0,0.0,0.0,0.0,1.0
CHRM3,0.0,0.0,0.0,0.0,0.0,1.0
GEMIN8P4,0.0,0.0,0.0,0.0,0.0,1.0
MORN1,0.0,0.0,0.0,0.0,0.0,1.0
MRPS21,0.0,0.0,0.0,0.0,0.0,1.0
PRPF3,0.0,0.0,0.0,0.0,0.0,1.0
RER1,0.0,0.0,0.0,0.0,0.0,1.0
RRAGC,0.0,0.0,0.0,0.0,0.0,1.0
SKI,0.0,0.0,0.0,0.0,0.0,1.0
CATIP,0.0,0.0,0.0,0.0,0.0,1.0
CATIP-AS1,0.0,0.0,0.0,0.0,0.0,1.0
CCDC148,0.0,0.0,0.0,0.0,0.0,1.0
CCDC148-AS1,0.0,0.0,0.0,0.0,0.0,1.0
CHST10,0.0,0.0,0.0,0.0,0.0,1.0
CTDSP1,0.0,0.0,0.0,0.0,0.0,1.0
MIR26B,0.0,0.0,0.0,0.0,0.0,1.0
MIR4432,0.0,0.0,0.0,0.0,0.0,1.0
MIR6810,0.0,0.0,0.0,0.0,0.0,1.0
NMS,0.0,0.0,0.0,0.0,0.0,1.0
PNKD,0.0,0.0,0.0,0.0,0.0,1.0
SLC11A1,0.0,0.0,0.0,0.0,0.0,1.0
TSGA10,0.0,0.0,0.0,0.0,0.0,1.0
VIL1,0.0,0.0,0.0,0.0,0.0,1.0
C3orf36,0.0,0.0,0.0,0.0,0.0,1.0
CEP70,0.0,0.0,0.0,0.0,0.0,1.0
FAIM,0.0,0.0,0.0,0.0,0.0,1.0
HRH1,0.0,0.0,0.0,0.0,0.0,1.0
LEPREL1,0.0,0.0,0.0,0.0,0.0,1.0
LINC00506,0.0,0.0,0.0,0.0,0.0,1.0
LINC00691,0.0,0.0,0.0,0.0,0.0,1.0
LOC101928135,0.0,0.0,0.0,0.0,0.0,1.0
MAGI1-AS1,0.0,0.0,0.0,0.0,0.0,1.0
MIR8060,0.0,0.0,0.0,0.0,0.0,1.0
NLGN1,0.0,0.0,0.0,0.0,0.0,1.0
SLC9A9,0.0,0.0,0.0,0.0,0.0,1.0
SLCO2A1,0.0,0.0,0.0,0.0,0.0,1.0
THRB,0.0,0.0,0.0,0.0,0.0,1.0
CLGN,0.0,0.0,0.0,0.0,0.0,1.0
EMCN,0.0,0.0,0.0,0.0,0.0,1.0
FAM47E,0.0,0.0,0.0,0.0,0.0,1.0
FAM47E-STBD1,0.0,0.0,0.0,0.0,0.0,1.0
LOC100129858,0.0,0.0,0.0,0.0,0.0,1.0
NPY2R,0.0,0.0,0.0,0.0,0.0,1.0
SCARB2,0.0,0.0,0.0,0.0,0.0,1.0
SCOC,0.0,0.0,0.0,0.0,0.0,1.0
ANKRD31,0.0,0.0,0.0,0.0,0.0,1.0
CLTB,0.0,0.0,0.0,0.0,0.0,1.0
GCNT4,0.0,0.0,0.0,0.0,0.0,1.0
HIGD2A,0.0,0.0,0.0,0.0,0.0,1.0
KIAA1191,0.0,0.0,0.0,0.0,0.0,1.0
LINC00491,0.0,0.0,0.0,0.0,0.0,1.0
LINC00492,0.0,0.0,0.0,0.0,0.0,1.0
LOC389332,0.0,0.0,0.0,0.0,0.0,1.0
LOC101926940,0.0,0.0,0.0,0.0,0.0,1.0
LOC102467147,0.0,0.0,0.0,0.0,0.0,1.0
LOC102577424,0.0,0.0,0.0,0.0,0.0,1.0
OSMR,0.0,0.0,0.0,0.0,0.0,1.0
OSMR-AS1,0.0,0.0,0.0,0.0,0.0,1.0
SIMC1,0.0,0.0,0.0,0.0,0.0,1.0
SMAD5,0.0,0.0,0.0,0.0,0.0,1.0
TRPC7,0.0,0.0,0.0,0.0,0.0,1.0
TSPAN17,0.0,0.0,0.0,0.0,0.0,1.0
WWC1,0.0,0.0,0.0,0.0,0.0,1.0
ESR1,0.0,0.0,0.0,0.0,0.0,1.0
FGFR1OP,0.0,0.0,0.0,0.0,0.0,1.0
HCG26,0.0,0.0,0.0,0.0,0.0,1.0
HCP5,0.0,0.0,0.0,0.0,0.0,1.0
HLA-B,0.0,0.0,0.0,0.0,0.0,1.0
MICA,0.0,0.0,0.0,0.0,0.0,1.0
MIR3939,0.0,0.0,0.0,0.0,0.0,1.0
PDE7B,0.0,0.0,0.0,0.0,0.0,1.0
SYNE1,0.0,0.0,0.0,0.0,0.0,1.0
CAMK2B,0.0,0.0,0.0,0.0,0.0,1.0
CLEC2L,0.0,0.0,0.0,0.0,0.0,1.0
EGFR,0.0,0.0,0.0,0.0,0.0,1.0
EGFR-AS1,0.0,0.0,0.0,0.0,0.0,1.0
KLRG2,0.0,0.0,0.0,0.0,0.0,1.0
LHFPL3-AS1,0.0,0.0,0.0,0.0,0.0,1.0
MIR548F3,0.0,0.0,0.0,0.0,0.0,1.0
MIR548T,0.0,0.0,0.0,0.0,0.0,1.0
THSD7A,0.0,0.0,0.0,0.0,0.0,1.0
YKT6,0.0,0.0,0.0,0.0,0.0,1.0
ZNF273,0.0,0.0,0.0,0.0,0.0,1.0
AGPAT5,0.0,0.0,0.0,0.0,0.0,1.0
BRF2,0.0,0.0,0.0,0.0,0.0,1.0
C8orf34,0.0,0.0,0.0,0.0,0.0,1.0
DEFB136,0.0,0.0,0.0,0.0,0.0,1.0
FAM135B,0.0,0.0,0.0,0.0,0.0,1.0
GPR124,0.0,0.0,0.0,0.0,0.0,1.0
KCNU1,0.0,0.0,0.0,0.0,0.0,1.0
MIR4659A,0.0,0.0,0.0,0.0,0.0,1.0
MIR4659B,0.0,0.0,0.0,0.0,0.0,1.0
MIR7160,0.0,0.0,0.0,0.0,0.0,1.0
MYOM2,0.0,0.0,0.0,0.0,0.0,1.0
PROSC,0.0,0.0,0.0,0.0,0.0,1.0
RAB11FIP1,0.0,0.0,0.0,0.0,0.0,1.0
TGS1,0.0,0.0,0.0,0.0,0.0,1.0
TMEM68,0.0,0.0,0.0,0.0,0.0,1.0
TRAPPC9,0.0,0.0,0.0,0.0,0.0,1.0
XKR5,0.0,0.0,0.0,0.0,0.0,1.0
ASTN2,0.0,0.0,0.0,0.0,0.0,1.0
C9orf131,0.0,0.0,0.0,0.0,0.0,1.0
CIZ1,0.0,0.0,0.0,0.0,0.0,1.0
DENND1A,0.0,0.0,0.0,0.0,0.0,1.0
DIRAS2,0.0,0.0,0.0,0.0,0.0,1.0
DMRTA1,0.0,0.0,0.0,0.0,0.0,1.0
DNM1,0.0,0.0,0.0,0.0,0.0,1.0
FANCG,0.0,0.0,0.0,0.0,0.0,1.0
GARNL3,0.0,0.0,0.0,0.0,0.0,1.0
GOLGA2,0.0,0.0,0.0,0.0,0.0,1.0
LINC00474,0.0,0.0,0.0,0.0,0.0,1.0
LOC340515,0.0,0.0,0.0,0.0,0.0,1.0
LOC389705,0.0,0.0,0.0,0.0,0.0,1.0
MAPKAP1,0.0,0.0,0.0,0.0,0.0,1.0
MIR199B,0.0,0.0,0.0,0.0,0.0,1.0
MIR601,0.0,0.0,0.0,0.0,0.0,1.0
MIR3154,0.0,0.0,0.0,0.0,0.0,1.0
MLLT3,0.0,0.0,0.0,0.0,0.0,1.0
NFIB,0.0,0.0,0.0,0.0,0.0,1.0
PIGO,0.0,0.0,0.0,0.0,0.0,1.0
PTPRD,0.0,0.0,0.0,0.0,0.0,1.0
SLC2A8,0.0,0.0,0.0,0.0,0.0,1.0
STOML2,0.0,0.0,0.0,0.0,0.0,1.0
SWI5,0.0,0.0,0.0,0.0,0.0,1.0
VCP,0.0,0.0,0.0,0.0,0.0,1.0
ACBD7,0.0,0.0,0.0,0.0,0.0,1.0
ADAMTS14,0.0,0.0,0.0,0.0,0.0,1.0
ATRNL1,0.0,0.0,0.0,0.0,0.0,1.0
EIF4EBP2,0.0,0.0,0.0,0.0,0.0,1.0
GRID1,0.0,0.0,0.0,0.0,0.0,1.0
NODAL,0.0,0.0,0.0,0.0,0.0,1.0
OTUD1,0.0,0.0,0.0,0.0,0.0,1.0
PRF1,0.0,0.0,0.0,0.0,0.0,1.0
CEP57,0.0,0.0,0.0,0.0,0.0,1.0
DKFZP434K028,0.0,0.0,0.0,0.0,0.0,1.0
FADS1,0.0,0.0,0.0,0.0,0.0,1.0
FAM76B,0.0,0.0,0.0,0.0,0.0,1.0
FEN1,0.0,0.0,0.0,0.0,0.0,1.0
LOC283299,0.0,0.0,0.0,0.0,0.0,1.0
MIR611,0.0,0.0,0.0,0.0,0.0,1.0
MMP13,0.0,0.0,0.0,0.0,0.0,1.0
MYRF,0.0,0.0,0.0,0.0,0.0,1.0
OR10A3,0.0,0.0,0.0,0.0,0.0,1.0
OR10A6,0.0,0.0,0.0,0.0,0.0,1.0
RPL27A,0.0,0.0,0.0,0.0,0.0,1.0
SNORA45A,0.0,0.0,0.0,0.0,0.0,1.0
SNORA45B,0.0,0.0,0.0,0.0,0.0,1.0
TMEM258,0.0,0.0,0.0,0.0,0.0,1.0
TRIM66,0.0,0.0,0.0,0.0,0.0,1.0
BCAT1,0.0,0.0,0.0,0.0,0.0,1.0
BICD1,0.0,0.0,0.0,0.0,0.0,1.0
C12orf45,0.0,0.0,0.0,0.0,0.0,1.0
CIT,0.0,0.0,0.0,0.0,0.0,1.0
CPM,0.0,0.0,0.0,0.0,0.0,1.0
EPYC,0.0,0.0,0.0,0.0,0.0,1.0
KERA,0.0,0.0,0.0,0.0,0.0,1.0
KRT71,0.0,0.0,0.0,0.0,0.0,1.0
KRT72,0.0,0.0,0.0,0.0,0.0,1.0
KRT73,0.0,0.0,0.0,0.0,0.0,1.0
KRT74,0.0,0.0,0.0,0.0,0.0,1.0
LOC101927464,0.0,0.0,0.0,0.0,0.0,1.0
LOH12CR1,0.0,0.0,0.0,0.0,0.0,1.0
LOH12CR2,0.0,0.0,0.0,0.0,0.0,1.0
MON2,0.0,0.0,0.0,0.0,0.0,1.0
RAD52,0.0,0.0,0.0,0.0,0.0,1.0
SLC41A2,0.0,0.0,0.0,0.0,0.0,1.0
SOX5,0.0,0.0,0.0,0.0,0.0,1.0
TBX5,0.0,0.0,0.0,0.0,0.0,1.0
TBX5-AS1,0.0,0.0,0.0,0.0,0.0,1.0
WNK1,0.0,0.0,0.0,0.0,0.0,1.0
GAS6,0.0,0.0,0.0,0.0,0.0,1.0
GAS6-AS1,0.0,0.0,0.0,0.0,0.0,1.0
GPC5,0.0,0.0,0.0,0.0,0.0,1.0
LECT1,0.0,0.0,0.0,0.0,0.0,1.0
LOC101929657,0.0,0.0,0.0,0.0,0.0,1.0
NEK3,0.0,0.0,0.0,0.0,0.0,1.0
TMEM255B,0.0,0.0,0.0,0.0,0.0,1.0
GTF2A1,0.0,0.0,0.0,0.0,0.0,1.0
SNORA79,0.0,0.0,0.0,0.0,0.0,1.0
TSHR,0.0,0.0,0.0,0.0,0.0,1.0
AVEN,0.0,0.0,0.0,0.0,0.0,1.0
CELF6,0.0,0.0,0.0,0.0,0.0,1.0
CHRM5,0.0,0.0,0.0,0.0,0.0,1.0
HEXA,0.0,0.0,0.0,0.0,0.0,1.0
HEXA-AS1,0.0,0.0,0.0,0.0,0.0,1.0
IQCH,0.0,0.0,0.0,0.0,0.0,1.0
IQCH-AS1,0.0,0.0,0.0,0.0,0.0,1.0
LINC00927,0.0,0.0,0.0,0.0,0.0,1.0
LINC01314,0.0,0.0,0.0,0.0,0.0,1.0
MAP2K5,0.0,0.0,0.0,0.0,0.0,1.0
PWRN2,0.0,0.0,0.0,0.0,0.0,1.0
RYR3,0.0,0.0,0.0,0.0,0.0,1.0
LINC00921,0.0,0.0,0.0,0.0,0.0,1.0
MEFV,0.0,0.0,0.0,0.0,0.0,1.0
OR1F1,0.0,0.0,0.0,0.0,0.0,1.0
OR1F2P,0.0,0.0,0.0,0.0,0.0,1.0
TPSAB1,0.0,0.0,0.0,0.0,0.0,1.0
TPSB2,0.0,0.0,0.0,0.0,0.0,1.0
TPSD1,0.0,0.0,0.0,0.0,0.0,1.0
TPSG1,0.0,0.0,0.0,0.0,0.0,1.0
ZNF200,0.0,0.0,0.0,0.0,0.0,1.0
MSI2,0.0,0.0,0.0,0.0,0.0,1.0
CEP76,0.0,0.0,0.0,0.0,0.0,1.0
CNDP1,0.0,0.0,0.0,0.0,0.0,1.0
CNDP2,0.0,0.0,0.0,0.0,0.0,1.0
LOC101927410,0.0,0.0,0.0,0.0,0.0,1.0
PSMG2,0.0,0.0,0.0,0.0,0.0,1.0
SPIRE1,0.0,0.0,0.0,0.0,0.0,1.0
ZBTB7C,0.0,0.0,0.0,0.0,0.0,1.0
C3,0.0,0.0,0.0,0.0,0.0,1.0
DMKN,0.0,0.0,0.0,0.0,0.0,1.0
FFAR2,0.0,0.0,0.0,0.0,0.0,1.0
GPR108,0.0,0.0,0.0,0.0,0.0,1.0
KRTDAP,0.0,0.0,0.0,0.0,0.0,1.0
LILRA3,0.0,0.0,0.0,0.0,0.0,1.0
LILRA4,0.0,0.0,0.0,0.0,0.0,1.0
LILRA5,0.0,0.0,0.0,0.0,0.0,1.0
LILRA6,0.0,0.0,0.0,0.0,0.0,1.0
LILRB2,0.0,0.0,0.0,0.0,0.0,1.0
LILRB3,0.0,0.0,0.0,0.0,0.0,1.0
LILRB5,0.0,0.0,0.0,0.0,0.0,1.0
MIR4752,0.0,0.0,0.0,0.0,0.0,1.0
MIR6791,0.0,0.0,0.0,0.0,0.0,1.0
OR7G2,0.0,0.0,0.0,0.0,0.0,1.0
SBSN,0.0,0.0,0.0,0.0,0.0,1.0
SH2D3A,0.0,0.0,0.0,0.0,0.0,1.0
TNFSF14,0.0,0.0,0.0,0.0,0.0,1.0
TRIP10,0.0,0.0,0.0,0.0,0.0,1.0
VAV1,0.0,0.0,0.0,0.0,0.0,1.0
DDRGK1,0.0,0.0,0.0,0.0,0.0,1.0
DNMT3B,0.0,0.0,0.0,0.0,0.0,1.0
ENTPD6,0.0,0.0,0.0,0.0,0.0,1.0
FASTKD5,0.0,0.0,0.0,0.0,0.0,1.0
ITPA,0.0,0.0,0.0,0.0,0.0,1.0
LOC284798,0.0,0.0,0.0,0.0,0.0,1.0
LOC101926889,0.0,0.0,0.0,0.0,0.0,1.0
LZTS3,0.0,0.0,0.0,0.0,0.0,1.0
MAPRE1,0.0,0.0,0.0,0.0,0.0,1.0
SLC4A11,0.0,0.0,0.0,0.0,0.0,1.0
SLC13A3,0.0,0.0,0.0,0.0,0.0,1.0
TP53RK,0.0,0.0,0.0,0.0,0.0,1.0
UBOX5,0.0,0.0,0.0,0.0,0.0,1.0
UBOX5-AS1,0.0,0.0,0.0,0.0,0.0,1.0
